Template ID,Success,Project ID
66399a3443d18862ed097ff1,Project Exist,5031
66399e6304785762f7e8e4cb,Project Exist,5032
66584b4afa28840a616722bf,Project Exist,5033
66584ba3fa28840a616722cb,Project Exist,5034
66584c18fa28840a616722e3,Project Created,5035
66584c3afa28840a616722ef,Project Created,5036
66584c4dfa28840a616722fb,Project Created,5038
66584bdcfa28840a616722d7,Project Created,5037
66584c911bc2dd0a57d05e58,Project Created,5039
66584c89fa28840a61672307,Project Created,5040
66584d1b1bc2dd0a57d05e70,Project Created,5043
66584cf21bc2dd0a57d05e64,Project Created,5041
66584de2fa28840a6167234d,Project Created,5042
66584f5de417133c780a564f,Project Created,5046
66584f0fe417133c780a5643,Project Created,5044
66584fe6e417133c780a565b,Project Created,5050
66584e75e417133c780a561f,Project Created,5045
66584e96e417133c780a562b,Project Created,5047
66584e45fa28840a61672359,Project Created,5048
66584eade417133c780a5637,Project Created,5049
66585003e417133c780a5673,Project Created,5052
6658503278cef63c6e05edf4,Project Created,5051
66584ff5e417133c780a5667,Project Created,5053
6658501de417133c780a567f,Project Created,5055
6658505978cef63c6e05ee0c,Project Created,5056
6658550178cef63c6e05ee46,Project Created,5060
6658504578cef63c6e05ee00,Project Created,5054
6658509778cef63c6e05ee24,Project Created,5058
6658518278cef63c6e05ee31,Project Created,5059
6658506a78cef63c6e05ee18,Project Created,5057
6658550878cef63c6e05ee52,Project Created,5061
665c82f26e1322cb4270b048,Project Created,5064
665c82e24845a7cb4cea453f,Project Created,5065
665858c0e417133c780a5750,Project Created,5062
665c86444845a7cb4cea4579,Project Created,5067
665c84bf4845a7cb4cea4559,Project Created,5063
665c85d24845a7cb4cea456d,Project Created,5070
665c853f4845a7cb4cea455e,Project Created,5066
665d510dff3e240d453e7ceb,Project Created,5068
665c85444845a7cb4cea4563,Project Created,5069
665d51121367750d1a133923,Project Created,5071
665d56de1367750d1a133965,Project Created,5072
665d56cdff3e240d453e7d25,Project Created,5073
665d562b1367750d1a133941,Project Created,5075
665d56261367750d1a13393c,Project Created,5074
665d58191367750d1a133994,Project Created,5077
665d5792ff3e240d453e7d44,Project Created,5078
665d5852ff3e240d453e7d6f,Project Created,5080
665d581dff3e240d453e7d6a,Project Created,5079
665d5797ff3e240d453e7d49,Project Created,5076
665d687aff3e240d453e7da9,Project Created,5082
665d69aeff3e240d453e7dcc,Project Created,5083
665d5856ff3e240d453e7d74,Project Created,5084
665d804cff3e240d453e7e08,Project Created,5081
665d856b1367750d1a133a88,Project Created,5087
665d5e9f1367750d1a1339e2,Project Created,5086
665d6b291367750d1a133a39,Project Created,5090
665d83701367750d1a133a76,Project Created,5089
665d8622ff3e240d453e7e4a,Project Created,5088
665d68901367750d1a133a14,Project Created,5085
665d87dfff3e240d453e7e59,Project Created,5092
665d87101367750d1a133a9b,Project Created,5093
665d89061367750d1a133aa8,Project Created,5091
665d8b401367750d1a133ab6,Project Created,5095
665d8edf1367750d1a133ac2,Project Created,5094
665d99f0ff3e240d453e7eb3,Project Created,5097
665d99dfff3e240d453e7eae,Project Created,5096
665d96dbff3e240d453e7e9f,Project Created,5098
665d99fa1367750d1a133b13,Project Created,5100
665d9a121367750d1a133b1f,Project Created,5099
665d9a15ff3e240d453e7ee2,Project Created,5102
665d9a6bff3e240d453e7efb,Project Created,5104
665d9a8aff3e240d453e7f07,Project Created,5103
665d9ac9ff3e240d453e7f39,Project Created,5107
665d9a661367750d1a133b3e,Project Created,5101
665d9ac41367750d1a133b72,Project Created,5106
665d9af41367750d1a133ba1,Project Created,5109
665d9fba1367750d1a133ba6,Project Created,5110
665d9af0ff3e240d453e7f45,Project Created,5108
665d9a8d1367750d1a133b6d,Project Created,5105
665da2961367750d1a133bc5,Project Created,5112
665d9fc2ff3e240d453e7f77,Project Created,5111
665da386ff3e240d453e7fb6,Project Created,5116
665da29cff3e240d453e7fa9,Project Created,5114
665da4db1367750d1a133bfe,Project Created,5115
665fea391367750d1a133c70,Project Created,5120
665da4dfff3e240d453e7fe8,Project Created,5119
665fea42ff3e240d453e8063,Project Created,5118
665d9fca1367750d1a133bc0,Project Created,5113
665da3891367750d1a133bf9,Project Created,5117
666028365c58157bce93ca75,Project Created,5121
666183835c58157bce93cb27,Project Created,5123
66613de25249157bc47fcaec,Project Created,5126
6661acb15249157bc47fcbb1,Project Created,5127
666153285249157bc47fcb12,Project Created,5129
666191d95249157bc47fcb75,Project Created,5130
666028285249157bc47fca8b,Project Created,5124
66613e455249157bc47fcaf8,Project Created,5125
666191cb5249157bc47fcb69,Project Created,5128
66602c125c58157bce93ca7c,Project Created,5122
6661b5c95c58157bce93cbd9,Project Created,5131
6661b4585249157bc47fcbdd,Project Created,5132
6661b5785c58157bce93cbd3,Project Created,5133
6661b7445249157bc47fcbff,Project Created,5136
66628c9f5c58157bce93cc3f,Project Created,5137
6661baa75249157bc47fcc2a,Project Created,5140
6661b67e5249157bc47fcbf7,Project Created,5135
6661b62b5249157bc47fcbf2,Project Created,5134
6661bb675249157bc47fcc3e,Project Created,5139
6661b93e5c58157bce93cbf5,Project Created,5138
66628cc85249157bc47fcc4f,Project Created,5142
66628d575249157bc47fcc56,Project Created,5141
6662a72a5249157bc47fcc82,Project Created,5143
6662a9425c58157bce93cc94,Project Created,5144
6662d4375249157bc47fcced,Project Created,5145
6662f81edca191013f50af17,Project Created,5150
6662f219675ec70149ed7961,Project Created,5148
6662f4cbdca191013f50af05,Project Created,5149
6662f9cf675ec70149ed79b0,Project Created,5147
6662f2f9dca191013f50aef3,Project Created,5146
6662fe2bdca191013f50af4e,Project Created,5152
6662f9fe675ec70149ed79b5,Project Created,5151
6662ff61675ec70149ed7a30,Project Created,5154
6662ff1e675ec70149ed7a1f,Project Created,5153
6662fc4ddca191013f50af3a,Project Created,5155
6662ff70dca191013f50afb1,Project Created,5158
6662fff6dca191013f50b016,Project Created,5159
66668751675ec70149ed7adf,Project Created,5160
6662ffa4675ec70149ed7a7a,Project Created,5157
6662ff93675ec70149ed7a69,Project Created,5156
66668830dca191013f50b0a1,Project Created,5161
666687ac675ec70149ed7af0,Project Created,5162
66668b8e675ec70149ed7b33,Project Created,5164
66669052dca191013f50b187,Project Created,5167
66668e80675ec70149ed7ba7,Project Created,5169
66669080dca191013f50b19d,Project Created,5168
66668f9adca191013f50b169,Project Created,5166
66668f23dca191013f50b153,Project Created,5170
66668c0ddca191013f50b0fd,Project Created,5163
66668bc1dca191013f50b0e7,Project Created,5165
666690a3dca191013f50b1b3,Project Created,5171
666695c7dca191013f50b1f9,Project Created,5174
66669575dca191013f50b1e3,Project Created,5173
666694f7dca191013f50b1cd,Project Created,5172
666695d6dca191013f50b20f,Project Created,5175
6666969adca191013f50b268,Project Created,5177
66669632dca191013f50b23b,Project Created,5179
666695ffdca191013f50b225,Project Created,5178
66669666dca191013f50b254,Project Created,5176
66669794dca191013f50b26d,Project Created,5180
6666bebf675ec70149ed7ef5,Project Created,5181
6666998d675ec70149ed7e69,Project Created,5182
6666bea0675ec70149ed7edc,Project Created,5184
66699e04a69c8affa1617d31,Project Created,5185
6669cf06ed153eff800e16c3,Project Created,5190
666977f0ed153eff800e15db,Project Created,5186
66697812ed153eff800e15f4,Project Created,5187
6669ce30ed153eff800e16aa,Project Created,5189
6669cf26ed153eff800e16dc,Project Created,5188
666698ccdca191013f50b27a,Project Created,5183
6669d3e0ed153eff800e1733,Project Created,5191
6669d48ded153eff800e174c,Project Created,5192
6669d3b6ed153eff800e171a,Project Created,5193
6669d376ed153eff800e16f5,Project Created,5194
6669dc0fed153eff800e1822,Project Created,5197
6669d92ea69c8affa1617f0f,Project Created,5196
6669d7c9a69c8affa1617ef1,Project Created,5199
6669d52aa69c8affa1617ed8,Project Created,5198
6669e7a1ed153eff800e1837,Project Created,5200
6669d4b5a69c8affa1617ebf,Project Created,5195
6673be5a8af311a93d61e9ff,Project Created,5201
6669eb5ced153eff800e1850,Project Created,5202
66753010f66025e77ac66b8d,Project Created,5203
6673f269dce8f6c71766c5e6,Project Created,5204
666ad9615a35c44c36bbb8d4,Project Created,5205
6673f2b0dce8f6c71766c5fc,Project Created,5206
667a6858d1f37b626d00efa5,Project Created,5208
667a689db070696248731c50,Project Created,5209
667967829493a6f68c532daf,Project Created,5207
667a68b3d1f37b626d00efaa,Project Created,5210
667a68c8b070696248731c55,Project Created,5211
667a692bd1f37b626d00efaf,Project Created,5212
667e5022710cd2c81a341a90,Project Created,5214
667cfb1fc510c142bb3810e9,Project Created,5213
6683da904b000f8e3fbccf28,Project Created,5215
6683e3de4b000f8e3fbccfcb,Project Created,5216
6683e3a24b000f8e3fbccfb4,Project Created,5219
6683e18a5ca1e98e4976e461,Project Created,5218
6683e3fb4b000f8e3fbccfe1,Project Created,5217
6683e4eb4b000f8e3fbccff9,Project Created,5220
6683ea415ca1e98e4976e592,Project Created,5221
6684ceca4b000f8e3fbcd0c6,Project Created,5224
6683f25e4b000f8e3fbcd09f,Project Created,5222
6683e4f24b000f8e3fbcd00f,Project Created,5225
6683f49b4b000f8e3fbcd0b5,Project Created,5227
66851881b96e1cbe046ef149,Project Created,5228
6683f2314b000f8e3fbcd08f,Project Created,5226
6684f9d07498ac25cfa8d8f0,Project Created,5230
6683e84c5ca1e98e4976e582,Project Created,5223
668518f641e5c4bdfa7d2c6d,Project Created,5229
66851bd441e5c4bdfa7d2caf,Project Created,5231
66851b8e41e5c4bdfa7d2c99,Project Created,5233
6685449a41e5c4bdfa7d2d32,Project Created,5232
6685196341e5c4bdfa7d2c83,Project Created,5234
668578ce41e5c4bdfa7d2d96,Project Created,5235
6685794b41e5c4bdfa7d2dba,Project Created,5238
6685791841e5c4bdfa7d2da8,Project Created,5237
6685795b41e5c4bdfa7d2dcc,Project Created,5236
668579b941e5c4bdfa7d2dde,Project Created,5240
66857bda41e5c4bdfa7d2df1,Project Created,5239
66857bfa41e5c4bdfa7d2e03,Project Created,5242
66857c7941e5c4bdfa7d2e21,Project Created,5243
66857e2c41e5c4bdfa7d2e3b,Project Created,5241
6686287541e5c4bdfa7d2e87,Project Created,5244
66857f8c41e5c4bdfa7d2e49,Project Created,5245
6686635d41e5c4bdfa7d2fd7,Project Created,5247
66863be7b96e1cbe046ef545,Project Created,5246
6686656541e5c4bdfa7d2fec,Project Created,5248
6686884f41e5c4bdfa7d302e,Project Created,5250
668675e441e5c4bdfa7d300c,Project Created,5249
66868eebb96e1cbe046ef7ae,Project Created,5251
66868f59b96e1cbe046ef7bd,Project Created,5254
66869671b96e1cbe046ef824,Project Created,5255
66868ed541e5c4bdfa7d307e,Project Created,5253
66869b4141e5c4bdfa7d31f4,Project Created,5257
66869bb8b96e1cbe046ef907,Project Created,5258
668698d6b96e1cbe046ef855,Project Created,5256
66869ad741e5c4bdfa7d31cc,Project Created,5259
66869b0241e5c4bdfa7d31de,Project Created,5260
66868b0841e5c4bdfa7d3051,Project Created,5252
6686ba9e41e5c4bdfa7d330c,Project Created,5261
6686b7e1b96e1cbe046ef9a0,Project Created,5262
6686b6a541e5c4bdfa7d329c,Project Created,5263
6686b9fe41e5c4bdfa7d32f0,Project Created,5264
6686bbebb96e1cbe046efa86,Project Created,5266
6686bb4a41e5c4bdfa7d3322,Project Created,5265
6686bb9cb96e1cbe046efa70,Project Created,5267
6687cd1db96e1cbe046efc4f,Project Created,5269
6687b824b96e1cbe046efc20,Project Created,5268
668b87ad41e5c4bdfa7d3765,Project Created,5270
668b8e4ab96e1cbe046efebb,Project Created,5272
668b8c77b96e1cbe046efe6a,Project Created,5271
668b8ea6b96e1cbe046efecd,Project Created,5273
668b8ebbb96e1cbe046efedf,Project Created,5274
668b8fbeb96e1cbe046eff03,Project Created,5278
668b9a9841e5c4bdfa7d3927,Project Created,5276
668b8f9ab96e1cbe046efef1,Project Created,5275
668cd58ab96e1cbe046f0112,Project Created,5279
668cea6eb96e1cbe046f018e,Project Created,5280
668e2a8d41e5c4bdfa7d3d49,Project Created,5277
6697cb39c93b3105b963bf99,Project Created,5281
6697c81d9f0c8e05af3c95f5,Project Created,5282
6697cbbbc93b3105b963bfe3,Project Created,5284
6697cb8ec93b3105b963bfb7,Project Created,5286
6697c7d5c93b3105b963becf,Project Created,5283
6697cba5c93b3105b963bfcd,Project Created,5287
668f6b6541e5c4bdfa7d3dcc,Project Created,5289
6697c7f59f0c8e05af3c959b,Project Created,5288
6697c84b9f0c8e05af3c960b,Project Created,5290
6697c792c93b3105b963bebb,Project Created,5285
669800ae9f0c8e05af3c96d3,Project Created,5292
6697cbdfc93b3105b963bff9,Project Created,5291
66a75c7a9f47311f18978f28,Project Created,5293
66a761269f47311f18978f3e,Project Created,5294
66a09eb63fe1801f3d7f7766,Project Created,5296
66a09dcb3fe1801f3d7f774c,Project Created,5298
66a0fa9c9f47311f1897862b,Project Created,5299
669a5f3d3fe1801f3d7f735d,Project Created,5300
66a0fc203fe1801f3d7f79d6,Project Created,5297
669a5e0f3fe1801f3d7f731d,Project Created,5295
66a8c740cab7d0dee45db658,Project Created,5301
66a761b09f47311f18978f4c,Project Created,5303
66a8c68ea560e0debed0091c,Project Created,5302
66a889d59f47311f18979095,Project Created,5304
66ab4e1f52504ff33f535121,Project Created,5306
66aa16e8a560e0debed00cc3,Project Created,5305
66ab5da83ff89bf335becb0b,Project Created,5309
66aa2036a560e0debed00d44,Project Created,5308
66ab5d213ff89bf335becae8,Project Created,5307
66ab5e173ff89bf335becb27,Project Created,5310
66b390fcde87a59fb6a0dfb7,Project Created,5311
66b27aacde87a59fb6a0ddd3,Project Created,5312
66b4c981eaf32b8cb56cae9b,Project Created,5314
66ab62c53ff89bf335becb4a,Project Created,5313
66b34062de87a59fb6a0defc,Project Created,5315
66b46c09086cb059aa520a5d,Project Created,5316
66b46668086cb059aa520a39,Project Created,5317
66b4bfdf16b2738cab2b5502,Project Created,5320
66b4b02b16b2738cab2b5498,Project Created,5319
66b46a4e086cb059aa520a45,Project Created,5318
66b9f0d495e521307187fbe4,Project Created,5324
66b9c0c10eedeb14e9aaffc0,Project Created,5321
66bb23f45269e8da5a43d38d,Project Created,5322
66b5b17feaf32b8cb56caf65,Project Created,5323
66bb840f0fd66d1f2c7b026c,Project Created,5325
66bb796f2b937d163294a1a4,Project Created,5327
66bb8593bf682a1f367c55b3,Project Created,5326
66bb81d32b937d163294a21e,Project Created,5329
66bb5bacbc6e55fe4853f175,Project Created,5330
66bb2e8df34d1ee6c5f5f8a4,Project Created,5328
66c470736a192f56164f8815,Project Created,5331
66c4b3fdb8bfa6fe1cf50930,Project Created,5333
66c47acc0fdf44d2386d4583,Project Created,5332
66c487906a192f56164f896d,Project Created,5334
66c4b4cfc753c2fe12efca6c,Project Created,5335
66c58864c753c2fe12efcbd0,Project Created,5338
66c4b430b8bfa6fe1cf50945,Project Created,5337
66c4b512c753c2fe12efca8a,Project Created,5339
66c4a816c753c2fe12efc9d9,Project Created,5336
66c57dbfb8bfa6fe1cf50a9f,Project Created,5340
66c58cefc753c2fe12efcc6e,Project Created,5341
66c58c88c753c2fe12efcc32,Project Created,5342
66c59829b8bfa6fe1cf50d44,Project Created,5344
66c59c79b8bfa6fe1cf50de6,Project Created,5346
66c59cedb8bfa6fe1cf50dfe,Project Created,5347
66c58cbfc753c2fe12efcc50,Project Created,5343
66c59b6fc753c2fe12efcd80,Project Created,5349
66c59c45b8bfa6fe1cf50dcf,Project Created,5350
66c59b42c753c2fe12efcd6b,Project Created,5345
66c58c3cc753c2fe12efcc14,Project Created,5348
66c59d82c753c2fe12efce61,Project Created,5351
66c5a0b6b8bfa6fe1cf50ee3,Project Created,5353
66c59e9ac753c2fe12efce8e,Project Created,5352
66c5c6bc8e2e527f7a822829,Project Created,5358
66c59d6ac753c2fe12efce4a,Project Created,5359
66c5d8f38e2e527f7a822970,Project Created,5356
66c5cdd5e2f4357f841f4eda,Project Created,5355
66c5c6f0e2f4357f841f4e51,Project Created,5360
66c59d40c753c2fe12efce31,Project Created,5354
66c5c04ae2f4357f841f4d25,Project Created,5357
66c5d92d8e2e527f7a82298e,Project Created,5361
66c5d968e2f4357f841f4fc2,Project Created,5364
66c72037bbb421295377b2fa,Project Created,5363
66c721a6c8fb762949bd7213,Project Created,5366
66c6cbb7d64c7d9c1ae1efd4,Project Created,5368
66c72bc5bbb421295377b40d,Project Created,5369
66c7297ac8fb762949bd728b,Project Created,5370
66c6cb64d64c7d9c1ae1efb4,Project Created,5367
66c720f7bbb421295377b31b,Project Created,5365
66c5d99d8e2e527f7a8229db,Project Created,5362
66c72d20c8fb762949bd734a,Project Created,5371
66c72f21bbb421295377b4dd,Project Created,5372
66c73192bbb421295377b589,Project Created,5374
66c72e50bbb421295377b4bc,Project Created,5375
66c72c09bbb421295377b42f,Project Created,5373
66c73c45bbb421295377b715,Project Created,5380
66c7311cbbb421295377b565,Project Created,5379
66c73095c8fb762949bd740a,Project Created,5376
66c7323ec8fb762949bd74a4,Project Created,5377
66c8305e5230dba90d658b95,Project Created,5378
66cc301e5230dba90d658f68,Project Created,5383
66cb9aaf6cf0bfa9031600e8,Project Created,5381
66cc2d736cf0bfa9031602c0,Project Created,5382
66cc31d36cf0bfa90316030f,Project Created,5386
66cc2ed86cf0bfa9031602d1,Project Created,5384
66cda19ebce6c5eb45fd6480,Project Created,5387
66c8767e5230dba90d658c94,Project Created,5388
66ccac912121f15376883626,Project Created,5385
66cdae46bce6c5eb45fd6581,Project Created,5390
66cc77572121f153768834e5,Project Created,5389
66ced596f8615012ea336e70,Project Created,5391
66cdcd43f8615012ea3363e2,Project Created,5393
66cf0bd5cfb6509f4827248a,Project Created,5392
66cf0b92cfb6509f4827247b,Project Created,5395
66cf09350c9cad9f3e066fc4,Project Created,5394
66cdd31250326112e094085f,Project Created,5396
66cdcca650326112e09407a4,Project Created,5397
66cee9a7c847b19ac4947557,Project Created,5398
66cef67e0c9cad9f3e066e6c,Project Created,5400
66ce4129f8615012ea3366f1,Project Created,5399
66cf72d616ba63f3cb1af9dd,Project Created,5402
66d04ef15c522f9b74a8d758,Project Created,5401
66d0046216ba63f3cb1afb1b,Project Created,5404
66d0454176b4836d5955ecab,Project Created,5403
66cf5aa016ba63f3cb1af8da,Project Created,5405
66d04e615c522f9b74a8d703,Project Created,5406
66d04f8b5c522f9b74a8d785,Project Created,5407
66d0430776b4836d5955ec56,Project Created,5409
66d0608d5c522f9b74a8d903,Project Created,5408
66d07eaf022c0ec7976687bc,Project Created,5410
66d16c6f022c0ec797668c52,Project Created,5411
66d09ad4022c0ec797668986,Project Created,5413
66d17ce505426ac78dcd3b04,Project Created,5412
66d17be705426ac78dcd3abd,Project Created,5416
66d186cf156758560dc0c395,Project Created,5415
66d1a58cc804676bfb9ec3d7,Project Created,5419
66d1934430897456037f4ff5,Project Created,5420
66d185a605426ac78dcd3b81,Project Created,5417
66d56ece8e6f27c2598a26b5,Project Created,5414
66d19a7cb051ed5df41c7a60,Project Created,5418
66d6a566107be880bf6dc8cd,Project Created,5421
66d83cf820413cc3c03ed12d,Project Created,5422
66ebe28adfbf781c63d206a9,Project Created,5424
66d838985675a3c3b6fcecb4,Project Created,5427
66ebdfc72b2fd51c89a92b4d,Project Created,5423
66d839915675a3c3b6fcece0,Project Created,5425
66ebe309dfbf781c63d206be,Project Created,5430
66ebdfa52b2fd51c89a92b36,Project Created,5426
66ebe4272b2fd51c89a92cc0,Project Created,5429
66dfd3f55675a3c3b6fcfb4a,Project Created,5428
66ec55be2b2fd51c89a93023,Project Created,5431
670618dca1b1f554e0466a41,Project Created,5435
66ebe4882b2fd51c89a92cd9,Project Created,5433
66ec57002b2fd51c89a9303d,Project Created,5437
66ebe8c6dfbf781c63d20824,Project Created,5432
66ebe94cdfbf781c63d20839,Project Created,5438
670619dde588fe55059ded54,Project Created,5439
67061a3be588fe55059ded69,Project Created,5440
66ec54d82b2fd51c89a92fea,Project Created,5434
6706197ee588fe55059ded37,Project Created,5436
67061cb7a1b1f554e0466bbf,Project Created,5441
67061e1fe588fe55059dee0d,Project Created,5442
67061e4ce588fe55059dee22,Project Created,5443
67061cbda1b1f554e0466bce,Project Created,5444
67061ed5e588fe55059dee61,Project Created,5446
67061eb7e588fe55059dee4c,Project Created,5445
67061e79e588fe55059dee37,Project Created,5448
67061ef3e588fe55059deeaa,Project Created,5449
67062383a1b1f554e0466f14,Project Created,5450
670620f3a1b1f554e0466ed5,Project Created,5447
6706253ae588fe55059defe6,Project Created,5453
67062c70a1b1f554e046706b,Project Created,5452
6708cc940ed50fc838ca6972,Project Created,5451
67062c2de588fe55059df020,Project Created,5454
6708cceebe3f1bc855a1afdb,Project Created,5455
